Student,StudyHours,Attendance,PreviousMarks,Result
Student13,2,65,35,Fail
Student14,3,72,42,Fail
Student15,4,78,48,Fail
Student16,5,85,62,Pass
Student17,6,88,65,Pass
Student18,7,90,72,Pass
Student19,8,94,80,Pass
Student20,9,96,88,Pass
Student21,1,60,30,Fail
Student22,2,68,37,Fail
Student23,3,74,44,Fail
Student24,4,81,55,Pass
Student25,5,83,58,Pass
Student26,6,89,67,Pass
Student27,7,91,74,Pass
Student28,8,93,85,Pass
Student29,9,98,92,Pass
Student30,2,70,40,Fail
Student31,3,76,46,Fail
Student32,4,82,54,Pass
Student33,5,80,56,Pass
Student34,6,86,64,Pass
Student35,7,89,71,Pass
Student36,8,92,79,Pass
Student37,9,97,90,Pass
Student38,1,58,28,Fail
Student39,2,66,36,Fail
Student40,3,73,43,Fail
Student41,4,77,51,Fail
Student42,5,84,61,Pass
Student43,6,87,69,Pass
Student44,7,93,76,Pass
Student45,8,96,84,Pass
Student46,9,99,95,Pass
Student47,2,69,39,Fail
Student48,3,71,41,Fail
Student49,4,79,53,Pass
Student50,5,86,64,Pass
Student51,6,90,72,Pass
Student52,7,94,78,Pass
Student53,8,95,83,Pass
Student54,9,97,89,Pass
Student55,1,62,32,Fail
Student56,2,67,34,Fail
Student57,3,75,47,Fail
Student58,4,80,56,Pass
Student59,5,82,59,Pass
Student60,6,88,66,Pass
Student61,7,91,73,Pass
Student62,8,94,81,Pass
Student63,9,98,93,Pass
Student64,2,71,38,Fail
Student65,3,77,49,Fail
Student66,4,83,57,Pass
Student67,5,87,65,Pass
Student68,6,89,70,Pass
Student69,7,92,77,Pass
Student70,8,96,86,Pass
Student71,9,99,94,Pass
Student72,1,55,25,Fail
Student73,2,64,33,Fail
Student74,3,70,40,Fail
Student75,4,76,49,Fail
Student76,5,81,57,Pass
Student77,6,85,63,Pass
Student78,7,90,70,Pass
Student79,8,93,82,Pass
Student80,9,97,91,Pass
Student81,2,68,36,Fail
Student82,3,74,45,Fail
Student83,4,81,54,Pass
Student84,5,84,60,Pass
Student85,6,87,68,Pass
Student86,7,91,75,Pass
Student87,8,95,84,Pass
Student88,9,98,92,Pass
Student89,1,61,29,Fail
Student90,2,70,41,Fail
Student91,3,73,46,Fail
Student92,4,78,52,Fail
Student93,5,85,63,Pass
Student94,6,88,71,Pass
Student95,7,93,79,Pass
Student96,8,96,87,Pass
Student97,9,99,96,Pass
Student98,2,66,35,Fail
Student99,3,75,44,Fail
Student100,4,80,55,Pass
Student101,5,83,61,Pass
Student102,6,90,69,Pass
Student103,7,92,76,Pass
Student104,8,94,83,Pass
Student105,9,97,90,Pass
Student106,1,59,27,Fail
Student107,2,65,34,Fail
Student108,3,72,43,Fail
Student109,4,79,50,Fail
Student110,5,86,62,Pass
Student111,6,89,68,Pass
Student112,7,94,77,Pass